Ano,NR.P,PTR,PPA,MS,PROD.AMD,AP,HI,AMD,Porte,RF,CR,DR,DCaule,Ácaro,Nº.Hastes,Stand_Final,Branching_Level,Staygreen
2017,4.35300653594771,2.75170962479608,8.46766346153846,NA,NA,1.00231803797468,23.5691481616249,NA,NA,2.6123417721519,19.7235889070147,24.4888673191952,2.15812082670906,2.5,NA,NA,NA,NA
2018,1.62490522875817,5.62743870967742,8.76099750623441,35.3818598664086,1.83557045686274,1.0953127792672,32.2503210467699,30.7820270904888,2.0018315018315,4.04825737265416,23.6101789709172,34.7356319910515,2.01893134598013,2.75603217158177,1.437890974084,2.72386058981233,1.4543795620438,1.67335766423358
2019,5.74022159090909,5.28498863636364,13.4606723484848,28.2825717121968,1.3211248666292,1.48431818181818,26.1705539319494,23.6325717121968,2.27272727272727,2.25047080979284,27.1361273554256,33.4939993502274,2.10605082070707,3.94328922495274,2.7112586970272,6.22916666666667,1.54734848484848,1.02636534839925
2020,4.30598113207547,6.52464165103189,25.8653120300752,26.2093601077022,1.52107605373969,1.19451810926949,18.6129367767545,21.5593601077022,1.72242647058824,2.40808823529412,23.234521575985,26.2101094434021,2.13212952731737,3.98161764705882,2.0463474524248,5.92081031307551,1.36279926335175,1.16544117647059
