"Trait","SNP_H2_narrow_sense"
"DMC",0.380657469958272
"FRY",0.365897514576381
"HI",0.296010560161467
"N_Roots",0.183669245826312
"Nstem.Plant",0.279946222641772
"Plant.Height",0.296590706840168
"Root.Di",0.286880602976812
"Root.Le",0.315351253856119
"ShY",0.375398489265971
"StC",0.379327907007592
"StY",0.422672053736929
"Stem.D",0.446945626063089
